year,hrs1,degree
1972,.i:  Inapplicable,Bachelor's
1972,.i:  Inapplicable,Less than high school
1972,.i:  Inapplicable,High school
1972,.i:  Inapplicable,Bachelor's
1972,.i:  Inapplicable,High school
1972,.i:  Inapplicable,High school
1972,.i:  Inapplicable,High school
1972,.i:  Inapplicable,Bachelor's
1972,.i:  Inapplicable,High school
1972,.i:  Inapplicable,High school
1972,.i:  Inapplicable,High school
1972,.i:  Inapplicable,Less than high school
1972,.i:  Inapplicable,Less than high school
1972,.i:  Inapplicable,Less than high school
1972,.i:  Inapplicable,Less than high school
1972,.i:  Inapplicable,High school
1972,.i:  Inapplicable,High school
1972,.i:  Inapplicable,Less than high school
1972,.i:  Inapplicable,Bachelor's
1972,.i:  Inapplicable,High school
1972,.i:  Inapplicable,High school
1972,.i:  Inapplicable,High school
1972,.i:  Inapplicable,High school
1972,.i:  Inapplicable,High school
1972,.i:  Inapplicable,Bachelor's
1972,.i:  Inapplicable,High school
1972,.i:  Inapplicable,High school
1972,.i:  Inapplicable,High school
1972,.i:  Inapplicable,High school
1972,.i:  Inapplicable,Less than high school
1972,.i:  Inapplicable,Less than high school
1972,.i:  Inapplicable,High school
1972,.i:  Inapplicable,Less than high school
1972,.i:  Inapplicable,High school
1972,.i:  Inapplicable,High school
1972,.i:  Inapplicable,High school
1972,.i:  Inapplicable,High school
1972,.i:  Inapplicable,High school
1972,.i:  Inapplicable,High school
1972,.i:  Inapplicable,High school
1972,.i:  Inapplicable,High school
1972,.i:  Inapplicable,High school
1972,.i:  Inapplicable,High school
1972,.i:  Inapplicable,Less than high school
1972,.i:  Inapplicable,High school
1972,.i:  Inapplicable,High school
1972,.i:  Inapplicable,High school
1972,.i:  Inapplicable,High school
1972,.i:  Inapplicable,High school
1972,.i:  Inapplicable,High school
1972,.i:  Inapplicable,Less than high school
1972,.i:  Inapplicable,Bachelor's
1972,.i:  Inapplicable,High school
1972,.i:  Inapplicable,Less than high school
1972,.i:  Inapplicable,Less than high school
1972,.i:  Inapplicable,High school
1972,.i:  Inapplicable,High school
1972,.i:  Inapplicable,High school
1972,.i:  Inapplicable,High school
1972,.i:  Inapplicable,High school
1973,40,Less than high school
1973,.i:  Inapplicable,High school
1973,40,High school
1973,.i:  Inapplicable,Less than high school
1973,40,Less than high school
1973,.i:  Inapplicable,Less than high school
1973,.i:  Inapplicable,Less than high school
1973,.i:  Inapplicable,Less than high school
1973,40,Less than high school
1973,40,Less than high school
1973,.i:  Inapplicable,Less than high school
1973,19,Bachelor's
1973,.i:  Inapplicable,High school
1973,.i:  Inapplicable,High school
1973,35,Bachelor's
1973,.i:  Inapplicable,Bachelor's
1973,40,Associate/junior college
1973,40,Less than high school
1973,40,Less than high school
1973,.i:  Inapplicable,High school
1973,38,Less than high school
1973,40,Less than high school
1973,.i:  Inapplicable,Less than high school
1973,.i:  Inapplicable,High school
1973,.i:  Inapplicable,High school
1973,40,High school
1973,8,High school
1973,.i:  Inapplicable,High school
1973,14,Less than high school
1973,.i:  Inapplicable,Less than high school
1973,.i:  Inapplicable,Less than high school
1973,40,High school
1973,40,Less than high school
1973,.i:  Inapplicable,Less than high school
1973,.i:  Inapplicable,Less than high school
1973,.i:  Inapplicable,Less than high school
1973,40,High school
1973,.i:  Inapplicable,Less than high school
1973,.i:  Inapplicable,Bachelor's
1973,40,Less than high school
1973,4,High school
1973,.i:  Inapplicable,Less than high school
1973,40,High school
1973,.i:  Inapplicable,Less than high school
1973,31,High school
1973,.i:  Inapplicable,High school
1973,40,Less than high school
1973,.i:  Inapplicable,High school
1973,42,High school
1973,.i:  Inapplicable,High school
1973,.i:  Inapplicable,Bachelor's
1973,.i:  Inapplicable,High school
1973,20,High school
1973,.i:  Inapplicable,Bachelor's
1973,40,Bachelor's
1973,34,High school
1973,.i:  Inapplicable,Less than high school
1973,.i:  Inapplicable,High school
1973,15,High school
1973,.i:  Inapplicable,High school
1974,37,Bachelor's
1974,.i:  Inapplicable,Less than high school
1974,40,High school
1974,.i:  Inapplicable,High school
1974,.i:  Inapplicable,High school
1974,37,High school
1974,.i:  Inapplicable,High school
1974,60,High school
1974,.i:  Inapplicable,High school
1974,.i:  Inapplicable,Less than high school
1974,40,High school
1974,35,High school
1974,50,Less than high school
1974,.i:  Inapplicable,High school
1974,.i:  Inapplicable,Bachelor's
1974,28,High school
1974,50,Bachelor's
1974,50,Bachelor's
1974,.i:  Inapplicable,Bachelor's
1974,.i:  Inapplicable,High school
1974,16,Bachelor's
1974,.i:  Inapplicable,Less than high school
1974,40,Less than high school
1974,.i:  Inapplicable,Less than high school
1974,.i:  Inapplicable,High school
1974,40,High school
1974,40,Less than high school
1974,.i:  Inapplicable,Less than high school
1974,.i:  Inapplicable,High school
1974,20,High school
1975,20,High school
1975,40,Less than high school
1975,50,High school
1975,24,High school
1975,.i:  Inapplicable,High school
1975,.i:  Inapplicable,High school
1975,44,Associate/junior college
1975,.i:  Inapplicable,High school
1975,40,Bachelor's
1975,40,High school
1975,45,Less than high school
1975,8,High school
1975,.i:  Inapplicable,High school
1975,40,High school
1975,47,High school
1975,40,High school
1975,.i:  Inapplicable,Less than high school
1975,.i:  Inapplicable,High school
1975,.i:  Inapplicable,High school
1975,.i:  Inapplicable,Less than high school
1975,50,Less than high school
1975,.i:  Inapplicable,High school
1975,.i:  Inapplicable,High school
1975,.i:  Inapplicable,Less than high school
1975,26,High school
1975,16,High school
1975,21,Less than high school
1975,.i:  Inapplicable,High school
1975,40,High school
1975,40,Graduate
1975,40,High school
1975,21,Graduate
1975,.i:  Inapplicable,High school
1975,32,Less than high school
1975,20,Less than high school
1975,.i:  Inapplicable,Less than high school
1975,50,High school
1975,8,High school
1975,68,High school
1975,60,Bachelor's
1975,.i:  Inapplicable,High school
1975,16,High school
1975,.i:  Inapplicable,High school
1975,.i:  Inapplicable,Graduate
1975,.i:  Inapplicable,Less than high school
1975,40,Less than high school
1975,35,Bachelor's
1975,.i:  Inapplicable,High school
1975,.i:  Inapplicable,Less than high school
1975,.i:  Inapplicable,Less than high school
1975,.i:  Inapplicable,Less than high school
1975,.i:  Inapplicable,High school
1975,.i:  Inapplicable,High school
1975,.i:  Inapplicable,High school
1975,16,High school
1975,.i:  Inapplicable,Bachelor's
1975,40,High school
1975,.i:  Inapplicable,High school
1975,.i:  Inapplicable,High school
1975,25,High school
1976,.i:  Inapplicable,High school
1976,56,High school
1976,.i:  Inapplicable,High school
1976,.i:  Inapplicable,High school
1976,40,Less than high school
1976,32,High school
1976,50,High school
1976,40,Less than high school
1976,.i:  Inapplicable,High school
1976,40,High school
1976,40,Graduate
1976,40,Less than high school
1976,.i:  Inapplicable,Less than high school
1976,.i:  Inapplicable,High school
1976,.i:  Inapplicable,High school
1976,50,Bachelor's
1976,49,High school
1976,.i:  Inapplicable,High school
1976,.i:  Inapplicable,Less than high school
1976,40,High school
1976,60,Bachelor's
1976,60,High school
1976,.i:  Inapplicable,Less than high school
1976,.i:  Inapplicable,High school
1976,40,Bachelor's
1976,.i:  Inapplicable,Less than high school
1976,40,Bachelor's
1976,.i:  Inapplicable,High school
1976,.i:  Inapplicable,High school
1976,50,Less than high school
1977,.i:  Inapplicable,High school
1977,48,High school
1977,40,High school
1977,60,High school
1977,40,High school
1977,40,High school
1977,31,Less than high school
1977,.i:  Inapplicable,Less than high school
1977,38,Less than high school
1977,45,High school
1977,40,Less than high school
1977,.i:  Inapplicable,High school
1977,40,High school
1977,.i:  Inapplicable,Less than high school
1977,40,High school
1977,.i:  Inapplicable,High school
1977,46,High school
1977,.i:  Inapplicable,High school
1977,40,High school
1977,.i:  Inapplicable,High school
1977,35,High school
1977,40,High school
1977,80,Bachelor's
1977,48,High school
1977,40,High school
1977,.i:  Inapplicable,High school
1977,.i:  Inapplicable,High school
1977,60,High school
1977,40,High school
1977,48,High school
1977,45,High school
1977,40,Associate/junior college
1977,.i:  Inapplicable,Less than high school
1977,.i:  Inapplicable,Less than high school
1977,20,High school
1977,.i:  Inapplicable,Less than high school
1977,.i:  Inapplicable,Less than high school
1977,45,High school
1977,.i:  Inapplicable,Less than high school
1977,.i:  Inapplicable,Less than high school
1977,.i:  Inapplicable,High school
1977,40,Less than high school
1977,.i:  Inapplicable,Less than high school
1977,.i:  Inapplicable,Less than high school
1977,40,High school
1977,.i:  Inapplicable,Less than high school
1977,40,High school
1977,.i:  Inapplicable,Less than high school
1977,40,Less than high school
1977,40,High school
1977,.i:  Inapplicable,Less than high school
1977,.i:  Inapplicable,Less than high school
1977,.i:  Inapplicable,High school
1977,40,Bachelor's
1977,.i:  Inapplicable,High school
1977,.i:  Inapplicable,Less than high school
1977,40,Bachelor's
1977,.i:  Inapplicable,High school
1977,40,Bachelor's
1977,45,Less than high school
1978,40,High school
1978,15,High school
1978,.i:  Inapplicable,High school
1978,.i:  Inapplicable,High school
1978,.i:  Inapplicable,Less than high school
1978,40,Bachelor's
1978,.i:  Inapplicable,Less than high school
1978,45,Less than high school
1978,65,Bachelor's
1978,55,Bachelor's
1978,35,Bachelor's
1978,40,Bachelor's
1978,50,High school
1978,40,High school
1978,.i:  Inapplicable,Bachelor's
1978,40,High school
1978,.i:  Inapplicable,High school
1978,13,High school
1978,8,High school
1978,40,Less than high school
1978,80,High school
1978,.i:  Inapplicable,High school
1978,48,High school
1978,.i:  Inapplicable,Bachelor's
1978,65,High school
1978,.i:  Inapplicable,High school
1978,.i:  Inapplicable,High school
1978,.i:  Inapplicable,High school
1978,56,Less than high school
1978,38,Bachelor's
1980,50,Bachelor's
1980,48,Bachelor's
1980,45,Bachelor's
1980,.i:  Inapplicable,Less than high school
1980,.i:  Inapplicable,Less than high school
1980,45,High school
1980,40,High school
1980,66,Less than high school
1980,74,High school
1980,45,High school
1980,32,Less than high school
1980,42,High school
1980,.i:  Inapplicable,Less than high school
1980,.i:  Inapplicable,Bachelor's
1980,42,High school
1980,.i:  Inapplicable,Less than high school
1980,.i:  Inapplicable,Less than high school
1980,40,Less than high school
1980,.i:  Inapplicable,High school
1980,.i:  Inapplicable,High school
1980,40,High school
1980,.i:  Inapplicable,Less than high school
1980,42,High school
1980,.i:  Inapplicable,Less than high school
1980,32,High school
1980,.i:  Inapplicable,Bachelor's
1980,69,High school
1980,38,High school
1980,40,High school
1980,.i:  Inapplicable,High school
1980,40,High school
1980,15,Bachelor's
1980,30,High school
1980,40,High school
1980,.i:  Inapplicable,Graduate
1980,44,Less than high school
1980,50,High school
1980,.i:  Inapplicable,High school
1980,.i:  Inapplicable,Less than high school
1980,60,High school
1980,60,High school
1980,40,High school
1980,52,Less than high school
1980,45,High school
1980,60,Associate/junior college
1980,.i:  Inapplicable,Less than high school
1980,50,High school
1980,.i:  Inapplicable,Less than high school
1980,40,High school
1980,50,High school
1980,50,High school
1980,36,Less than high school
1980,.i:  Inapplicable,High school
1980,.i:  Inapplicable,High school
1980,40,High school
1980,48,High school
1980,40,High school
1980,76,High school
1980,.i:  Inapplicable,High school
1980,40,Less than high school
1982,.i:  Inapplicable,Less than high school
1982,33,Bachelor's
1982,.i:  Inapplicable,High school
1982,.i:  Inapplicable,High school
1982,65,Associate/junior college
1982,58,High school
1982,44,Less than high school
1982,.i:  Inapplicable,Less than high school
1982,40,High school
1982,89+ hrs,Less than high school
1982,40,High school
1982,12,Less than high school
1982,.i:  Inapplicable,High school
1982,40,High school
1982,35,High school
1982,25,Bachelor's
1982,.i:  Inapplicable,Less than high school
1982,16,Less than high school
1982,.i:  Inapplicable,High school
1982,40,High school
1982,.i:  Inapplicable,High school
1982,45,Bachelor's
1982,.i:  Inapplicable,High school
1982,.i:  Inapplicable,Graduate
1982,.i:  Inapplicable,High school
1982,40,Less than high school
1982,.i:  Inapplicable,Less than high school
1982,40,High school
1982,38,Less than high school
1982,.i:  Inapplicable,Associate/junior college
1983,37,Graduate
1983,.i:  Inapplicable,High school
1983,.i:  Inapplicable,Bachelor's
1983,50,High school
1983,40,Bachelor's
1983,.i:  Inapplicable,Bachelor's
1983,.i:  Inapplicable,High school
1983,35,Bachelor's
1983,.i:  Inapplicable,High school
1983,.i:  Inapplicable,High school
1983,.i:  Inapplicable,High school
1983,35,Bachelor's
1983,40,High school
1983,.i:  Inapplicable,High school
1983,.i:  Inapplicable,High school
1983,40,Less than high school
1983,.i:  Inapplicable,Less than high school
1983,.i:  Inapplicable,Less than high school
1983,49,High school
1983,.i:  Inapplicable,Less than high school
1983,4,High school
1983,.i:  Inapplicable,Associate/junior college
1983,.i:  Inapplicable,Less than high school
1983,.i:  Inapplicable,Less than high school
1983,39,Graduate
1983,40,High school
1983,.i:  Inapplicable,High school
1983,.i:  Inapplicable,Less than high school
1983,.i:  Inapplicable,Less than high school
1983,.i:  Inapplicable,High school
1983,50,High school
1983,40,High school
1983,.i:  Inapplicable,High school
1983,50,High school
1983,60,Bachelor's
1983,38,High school
1983,50,Bachelor's
1983,55,High school
1983,32,Less than high school
1983,8,Less than high school
1983,40,Associate/junior college
1983,.i:  Inapplicable,Bachelor's
1983,40,High school
1983,.i:  Inapplicable,High school
1983,44,High school
1983,.i:  Inapplicable,High school
1983,.i:  Inapplicable,High school
1983,40,Associate/junior college
1983,40,Associate/junior college
1983,.i:  Inapplicable,Less than high school
1983,.i:  Inapplicable,Less than high school
1983,30,Less than high school
1983,.i:  Inapplicable,Less than high school
1983,.i:  Inapplicable,High school
1983,24,Less than high school
1983,20,High school
1983,65,Bachelor's
1983,58,Bachelor's
1983,60,Bachelor's
1983,.i:  Inapplicable,Less than high school
1984,65,Bachelor's
1984,.i:  Inapplicable,Bachelor's
1984,45,Graduate
1984,.i:  Inapplicable,Less than high school
1984,40,High school
1984,40,High school
1984,.i:  Inapplicable,Less than high school
1984,60,High school
1984,39,Less than high school
1984,25,High school
1984,25,High school
1984,40,High school
1984,40,Graduate
1984,40,High school
1984,.i:  Inapplicable,Less than high school
1984,.i:  Inapplicable,High school
1984,16,Less than high school
1984,.i:  Inapplicable,Less than high school
1984,.i:  Inapplicable,High school
1984,35,High school
1984,.i:  Inapplicable,High school
1984,.i:  Inapplicable,High school
1984,.i:  Inapplicable,Less than high school
1984,25,Less than high school
1984,40,Less than high school
1984,.i:  Inapplicable,High school
1984,35,High school
1984,32,High school
1984,40,High school
1984,40,High school
1984,.i:  Inapplicable,Less than high school
1984,.i:  Inapplicable,High school
1984,40,Less than high school
1984,20,Less than high school
1984,40,Less than high school
1984,.i:  Inapplicable,High school
1984,.i:  Inapplicable,High school
1984,50,High school
1984,40,High school
1984,.i:  Inapplicable,High school
1984,60,Bachelor's
1984,50,High school
1984,25,High school
1984,40,High school
1984,.i:  Inapplicable,High school
1984,60,Graduate
1984,55,Bachelor's
1984,.i:  Inapplicable,Less than high school
1984,60,Less than high school
1984,38,High school
1984,25,High school
1984,24,High school
1984,.i:  Inapplicable,Graduate
1984,40,High school
1984,32,High school
1984,.i:  Inapplicable,High school
1984,40,High school
1984,48,Less than high school
1984,20,Less than high school
1984,35,Graduate
1985,.i:  Inapplicable,Less than high school
1985,.i:  Inapplicable,Less than high school
1985,.i:  Inapplicable,Less than high school
1985,47,Associate/junior college
1985,.i:  Inapplicable,Less than high school
1985,35,High school
1985,80,High school
1985,36,Less than high school
1985,.i:  Inapplicable,Less than high school
1985,.i:  Inapplicable,Less than high school
1985,40,High school
1985,53,High school
1985,16,High school
1985,31,Less than high school
1985,27,High school
1985,8,High school
1985,45,High school
1985,40,High school
1985,40,High school
1985,.i:  Inapplicable,Less than high school
1985,15,High school
1985,83,High school
1985,.i:  Inapplicable,Less than high school
1985,.i:  Inapplicable,High school
1985,.i:  Inapplicable,Less than high school
1985,40,Bachelor's
1985,40,High school
1985,44,High school
1985,40,High school
1985,40,High school
1986,42,High school
1986,51,Associate/junior college
1986,.i:  Inapplicable,Less than high school
1986,.i:  Inapplicable,Less than high school
1986,10,High school
1986,12,High school
1986,40,High school
1986,.i:  Inapplicable,High school
1986,.i:  Inapplicable,Less than high school
1986,40,High school
1986,40,Less than high school
1986,21,Bachelor's
1986,.i:  Inapplicable,High school
1986,28,High school
1986,41,Bachelor's
1986,63,Graduate
1986,40,High school
1986,32,Bachelor's
1986,40,Associate/junior college
1986,89+ hrs,High school
1986,.i:  Inapplicable,Less than high school
1986,55,Associate/junior college
1986,40,Less than high school
1986,35,Graduate
1986,40,Less than high school
1986,.i:  Inapplicable,Less than high school
1986,80,Graduate
1986,.i:  Inapplicable,Less than high school
1986,.i:  Inapplicable,Less than high school
1986,.i:  Inapplicable,High school
1986,.i:  Inapplicable,Less than high school
1986,.i:  Inapplicable,Less than high school
1986,50,High school
1986,30,High school
1986,35,High school
1986,.i:  Inapplicable,High school
1986,.i:  Inapplicable,High school
1986,.i:  Inapplicable,High school
1986,70,Associate/junior college
1986,.i:  Inapplicable,Graduate
1986,30,High school
1986,.i:  Inapplicable,High school
1986,.i:  Inapplicable,Less than high school
1986,.i:  Inapplicable,High school
1986,.i:  Inapplicable,High school
1986,.i:  Inapplicable,Less than high school
1986,.i:  Inapplicable,Associate/junior college
1986,.i:  Inapplicable,Bachelor's
1986,.i:  Inapplicable,Less than high school
1986,40,High school
1986,50,High school
1986,50,Less than high school
1986,69,High school
1986,50,High school
1986,40,Less than high school
1986,.i:  Inapplicable,Less than high school
1986,.i:  Inapplicable,Less than high school
1986,55,Less than high school
1986,.i:  Inapplicable,High school
1986,30,High school
1987,46,High school
1987,50,Bachelor's
1987,48,High school
1987,48,High school
1987,20,High school
1987,40,Graduate
1987,24,Bachelor's
1987,65,High school
1987,40,High school
1987,40,Bachelor's
1987,40,Bachelor's
1987,24,Bachelor's
1987,40,Bachelor's
1987,.i:  Inapplicable,High school
1987,.i:  Inapplicable,High school
1987,30,Bachelor's
1987,.i:  Inapplicable,Bachelor's
1987,.i:  Inapplicable,High school
1987,.i:  Inapplicable,High school
1987,.i:  Inapplicable,High school
1987,.i:  Inapplicable,Less than high school
1987,40,Less than high school
1987,.i:  Inapplicable,High school
1987,.i:  Inapplicable,Less than high school
1987,45,High school
1987,50,Graduate
1987,.i:  Inapplicable,High school
1987,.i:  Inapplicable,High school
1987,10,High school
1987,.i:  Inapplicable,Associate/junior college
1988,.i:  Inapplicable,High school
1988,20,Bachelor's
1988,.i:  Inapplicable,High school
1988,45,Bachelor's
1988,.i:  Inapplicable,High school
1988,.i:  Inapplicable,High school
1988,.i:  Inapplicable,Bachelor's
1988,50,Graduate
1988,6,High school
1988,40,Bachelor's
1988,13,Less than high school
1988,.i:  Inapplicable,High school
1988,.n:  No answer,High school
1988,48,Associate/junior college
1988,.i:  Inapplicable,High school
1988,.i:  Inapplicable,Less than high school
1988,40,High school
1988,24,High school
1988,40,High school
1988,40,High school
1988,.i:  Inapplicable,Less than high school
1988,.i:  Inapplicable,Less than high school
1988,.i:  Inapplicable,High school
1988,8,High school
1988,.i:  Inapplicable,Less than high school
1988,.i:  Inapplicable,Less than high school
1988,.i:  Inapplicable,Less than high school
1988,37,Less than high school
1988,45,High school
1988,.i:  Inapplicable,High school
1988,40,Bachelor's
1988,56,High school
1988,.i:  Inapplicable,High school
1988,.i:  Inapplicable,High school
1988,48,Bachelor's
1988,.i:  Inapplicable,High school
1988,40,High school
1988,75,High school
1988,50,High school
1988,40,High school
1988,30,Associate/junior college
1988,46,High school
1988,.i:  Inapplicable,Graduate
1988,.i:  Inapplicable,High school
1988,.i:  Inapplicable,High school
1988,40,Bachelor's
1988,32,Less than high school
1988,.i:  Inapplicable,Less than high school
1988,.i:  Inapplicable,High school
1988,.i:  Inapplicable,Less than high school
1988,.i:  Inapplicable,High school
1988,.i:  Inapplicable,High school
1988,32,High school
1988,.i:  Inapplicable,High school
1988,65,High school
1988,.i:  Inapplicable,Less than high school
1988,.i:  Inapplicable,Less than high school
1988,55,High school
1988,.i:  Inapplicable,Less than high school
1988,.i:  Inapplicable,Less than high school
1989,.i:  Inapplicable,High school
1989,16,High school
1989,.i:  Inapplicable,Less than high school
1989,50,High school
1989,40,Bachelor's
1989,38,High school
1989,50,Graduate
1989,53,Bachelor's
1989,40,Graduate
1989,80,High school
1989,89+ hrs,Graduate
1989,.i:  Inapplicable,High school
1989,45,Bachelor's
1989,.i:  Inapplicable,High school
1989,40,High school
1989,.i:  Inapplicable,Bachelor's
1989,.i:  Inapplicable,High school
1989,.i:  Inapplicable,High school
1989,37,High school
1989,.i:  Inapplicable,Graduate
1989,.i:  Inapplicable,High school
1989,.i:  Inapplicable,Less than high school
1989,50,Graduate
1989,.i:  Inapplicable,Less than high school
1989,55,Associate/junior college
1989,40,High school
1989,25,High school
1989,.i:  Inapplicable,High school
1989,.i:  Inapplicable,Associate/junior college
1989,40,High school
1990,30,Graduate
1990,.i:  Inapplicable,Graduate
1990,50,Associate/junior college
1990,60,High school
1990,40,High school
1990,32,Less than high school
1990,40,Bachelor's
1990,55,High school
1990,48,Associate/junior college
1990,40,High school
1990,.i:  Inapplicable,Less than high school
1990,21,High school
1990,53,Graduate
1990,40,High school
1990,.i:  Inapplicable,Less than high school
1990,.i:  Inapplicable,High school
1990,60,High school
1990,31,High school
1990,.i:  Inapplicable,Less than high school
1990,40,High school
1990,40,Less than high school
1990,40,Associate/junior college
1990,.i:  Inapplicable,High school
1990,38,Bachelor's
1990,.i:  Inapplicable,High school
1990,37,Graduate
1990,48,High school
1990,60,Less than high school
1990,.i:  Inapplicable,Less than high school
1990,41,Less than high school
1990,40,High school
1990,67,High school
1990,60,High school
1990,40,Bachelor's
1990,40,Graduate
1990,.i:  Inapplicable,High school
1990,.i:  Inapplicable,High school
1990,48,High school
1990,.i:  Inapplicable,Bachelor's
1990,40,Graduate
1990,.i:  Inapplicable,Less than high school
1990,.i:  Inapplicable,Less than high school
1990,.i:  Inapplicable,Less than high school
1990,40,High school
1990,.i:  Inapplicable,High school
1990,10,High school
1990,.i:  Inapplicable,Less than high school
1990,.i:  Inapplicable,High school
1990,.i:  Inapplicable,High school
1990,.i:  Inapplicable,Less than high school
1990,40,High school
1990,65,Less than high school
1990,.i:  Inapplicable,High school
1990,.i:  Inapplicable,High school
1990,40,High school
1990,45,High school
1990,50,Less than high school
1990,24,High school
1990,.i:  Inapplicable,High school
1990,30,High school
1991,68,High school
1991,.i:  Inapplicable,Less than high school
1991,8,High school
1991,48,Associate/junior college
1991,51,High school
1991,.i:  Inapplicable,Graduate
1991,.i:  Inapplicable,Bachelor's
1991,40,Less than high school
1991,50,High school
1991,45,Bachelor's
1991,.i:  Inapplicable,High school
1991,.i:  Inapplicable,High school
1991,.i:  Inapplicable,Bachelor's
1991,35,High school
1991,35,Bachelor's
1991,60,Associate/junior college
1991,40,High school
1991,45,High school
1991,32,High school
1991,18,High school
1991,40,Bachelor's
1991,35,Graduate
1991,70,Associate/junior college
1991,.i:  Inapplicable,High school
1991,50,High school
1991,60,High school
1991,.i:  Inapplicable,Less than high school
1991,40,.n:  No answer
1991,.i:  Inapplicable,.n:  No answer
1991,.i:  Inapplicable,Less than high school
1993,50,Graduate
1993,40,High school
1993,32,Less than high school
1993,.i:  Inapplicable,High school
1993,15,Graduate
1993,40,High school
1993,24,High school
1993,24,Less than high school
1993,40,High school
1993,40,High school
1993,40,High school
1993,40,High school
1993,40,High school
1993,.i:  Inapplicable,High school
1993,52,Bachelor's
1993,52,Bachelor's
1993,40,High school
1993,.i:  Inapplicable,Less than high school
1993,35,High school
1993,.i:  Inapplicable,High school
1993,15,Bachelor's
1993,14,High school
1993,55,Bachelor's
1993,55,High school
1993,20,Associate/junior college
1993,60,Graduate
1993,.i:  Inapplicable,Less than high school
1993,48,Associate/junior college
1993,.n:  No answer,Bachelor's
1993,60,High school
1993,50,High school
1993,36,Less than high school
1993,.i:  Inapplicable,High school
1993,30,Less than high school
1993,65,High school
1993,.i:  Inapplicable,High school
1993,.i:  Inapplicable,.d:  Do not Know/Cannot Choose
1993,4,Bachelor's
1993,38,Less than high school
1993,.i:  Inapplicable,Less than high school
1993,.i:  Inapplicable,Graduate
1993,50,High school
1993,.i:  Inapplicable,Bachelor's
1993,.i:  Inapplicable,Bachelor's
1993,40,High school
1993,50,Associate/junior college
1993,.i:  Inapplicable,Graduate
1993,40,High school
1993,40,High school
1993,40,High school
1993,40,Associate/junior college
1993,52,Bachelor's
1993,24,High school
1993,.i:  Inapplicable,Less than high school
1993,75,High school
1993,40,Bachelor's
1993,40,Associate/junior college
1993,.i:  Inapplicable,High school
1993,5,Bachelor's
1993,.i:  Inapplicable,High school
1994,16,Less than high school
1994,.i:  Inapplicable,High school
1994,40,High school
1994,60,Bachelor's
1994,32,Less than high school
1994,40,High school
1994,40,High school
1994,.i:  Inapplicable,High school
1994,44,High school
1994,30,High school
1994,40,Bachelor's
1994,50,Bachelor's
1994,40,Bachelor's
1994,60,Associate/junior college
1994,24,High school
1994,.i:  Inapplicable,High school
1994,40,Less than high school
1994,.i:  Inapplicable,High school
1994,40,High school
1994,.i:  Inapplicable,High school
1994,.i:  Inapplicable,Less than high school
1994,40,Less than high school
1994,40,High school
1994,40,Less than high school
1994,40,High school
1994,46,High school
1994,40,Less than high school
1994,.i:  Inapplicable,High school
1994,32,High school
1994,50,Graduate
1994,.i:  Inapplicable,High school
1994,45,High school
1994,.i:  Inapplicable,High school
1994,80,High school
1994,.n:  No answer,Bachelor's
1994,47,Less than high school
1994,.i:  Inapplicable,High school
1994,.i:  Inapplicable,High school
1994,40,Associate/junior college
1994,.i:  Inapplicable,High school
1994,5,Graduate
1994,50,Graduate
1994,45,High school
1994,43,High school
1994,40,High school
1994,48,Associate/junior college
1994,.i:  Inapplicable,High school
1994,60,High school
1994,48,Less than high school
1994,40,Less than high school
1994,.i:  Inapplicable,Less than high school
1994,40,High school
1994,60,High school
1994,35,Bachelor's
1994,.i:  Inapplicable,Less than high school
1994,45,Bachelor's
1994,48,High school
1994,40,Less than high school
1994,.i:  Inapplicable,High school
1994,.i:  Inapplicable,High school
1994,.i:  Inapplicable,Less than high school
1994,.i:  Inapplicable,Less than high school
1994,.i:  Inapplicable,Less than high school
1994,60,Less than high school
1994,.i:  Inapplicable,Less than high school
1994,32,High school
1994,28,Less than high school
1994,35,Graduate
1994,.i:  Inapplicable,Less than high school
1994,.i:  Inapplicable,Less than high school
1994,40,High school
1994,45,High school
1994,.n:  No answer,Associate/junior college
1994,84,High school
1994,.i:  Inapplicable,Less than high school
1994,.i:  Inapplicable,Less than high school
1994,40,High school
1994,40,High school
1994,.i:  Inapplicable,Less than high school
1994,.i:  Inapplicable,Associate/junior college
1994,30,Less than high school
1994,40,Less than high school
1994,40,High school
1994,.i:  Inapplicable,Less than high school
1994,.i:  Inapplicable,Less than high school
1994,.i:  Inapplicable,Less than high school
1994,.i:  Inapplicable,Bachelor's
1994,.i:  Inapplicable,High school
1994,40,Bachelor's
1994,60,High school
1996,.i:  Inapplicable,High school
1996,40,High school
1996,60,Graduate
1996,40,Bachelor's
1996,15,Bachelor's
1996,.i:  Inapplicable,Graduate
1996,42,Bachelor's
1996,35,Bachelor's
1996,.i:  Inapplicable,High school
1996,60,High school
1996,.i:  Inapplicable,Bachelor's
1996,45,Graduate
1996,.i:  Inapplicable,Bachelor's
1996,.i:  Inapplicable,High school
1996,.i:  Inapplicable,Less than high school
1996,.i:  Inapplicable,Less than high school
1996,.i:  Inapplicable,Less than high school
1996,.i:  Inapplicable,Graduate
1996,42,Bachelor's
1996,45,Bachelor's
1996,50,Bachelor's
1996,40,High school
1996,.i:  Inapplicable,Graduate
1996,45,Graduate
1996,40,Bachelor's
1996,44,High school
1996,40,High school
1996,32,Bachelor's
1996,70,High school
1996,65,Bachelor's
1996,.i:  Inapplicable,High school
1996,50,Bachelor's
1996,50,High school
1996,.i:  Inapplicable,Bachelor's
1996,.i:  Inapplicable,High school
1996,12,High school
1996,60,Graduate
1996,38,High school
1996,40,High school
1996,40,High school
1996,55,Bachelor's
1996,52,Associate/junior college
1996,40,Less than high school
1996,40,Associate/junior college
1996,40,High school
1996,60,Graduate
1996,63,High school
1996,40,Associate/junior college
1996,60,High school
1996,70,Bachelor's
1996,40,High school
1996,9,High school
1996,48,Graduate
1996,.i:  Inapplicable,Bachelor's
1996,55,Bachelor's
1996,60,Bachelor's
1996,11,Graduate
1996,.i:  Inapplicable,Bachelor's
1996,45,High school
1996,40,Graduate
1996,50,Less than high school
1996,.i:  Inapplicable,Less than high school
1996,.i:  Inapplicable,Less than high school
1996,.i:  Inapplicable,High school
1996,40,Bachelor's
1996,40,High school
1996,.i:  Inapplicable,High school
1996,.i:  Inapplicable,High school
1996,55,High school
1996,89+ hrs,Less than high school
1996,40,High school
1996,.i:  Inapplicable,Less than high school
1996,40,High school
1996,40,Less than high school
1996,30,Bachelor's
1996,30,High school
1996,.i:  Inapplicable,High school
1996,40,High school
1996,55,Associate/junior college
1996,.i:  Inapplicable,High school
1996,40,High school
1996,40,Bachelor's
1996,25,High school
1996,39,High school
1996,35,High school
1996,15,High school
1996,48,Bachelor's
1996,55,High school
1996,40,High school
1996,65,High school
1998,.i:  Inapplicable,Bachelor's
1998,45,Graduate
1998,45,Graduate
1998,.i:  Inapplicable,High school
1998,55,Associate/junior college
1998,24,High school
1998,48,Bachelor's
1998,14,Less than high school
1998,40,Bachelor's
1998,.i:  Inapplicable,Less than high school
1998,56,High school
1998,.i:  Inapplicable,Less than high school
1998,50,High school
1998,.i:  Inapplicable,High school
1998,.i:  Inapplicable,Less than high school
1998,.i:  Inapplicable,Less than high school
1998,.i:  Inapplicable,High school
1998,80,High school
1998,.i:  Inapplicable,High school
1998,30,High school
1998,32,High school
1998,.i:  Inapplicable,Less than high school
1998,74,High school
1998,60,Graduate
1998,40,Bachelor's
1998,50,Bachelor's
1998,32,Bachelor's
1998,.i:  Inapplicable,Bachelor's
1998,50,High school
1998,.i:  Inapplicable,Bachelor's
1998,55,High school
1998,55,High school
1998,43,High school
1998,55,High school
1998,.i:  Inapplicable,High school
1998,62,Associate/junior college
1998,.i:  Inapplicable,High school
1998,40,High school
1998,.i:  Inapplicable,High school
1998,.i:  Inapplicable,Less than high school
1998,.i:  Inapplicable,High school
1998,40,Associate/junior college
1998,40,High school
1998,.i:  Inapplicable,Less than high school
1998,68,High school
1998,50,High school
1998,48,High school
1998,49,High school
1998,28,Less than high school
1998,35,Associate/junior college
1998,50,High school
1998,55,High school
1998,.i:  Inapplicable,Less than high school
1998,40,High school
1998,40,Associate/junior college
1998,.i:  Inapplicable,Less than high school
1998,18,.n:  No answer
1998,40,High school
1998,.i:  Inapplicable,High school
1998,65,High school
1998,.i:  Inapplicable,High school
1998,.i:  Inapplicable,Less than high school
1998,50,High school
1998,.i:  Inapplicable,High school
1998,.i:  Inapplicable,Less than high school
1998,50,High school
1998,42,Less than high school
1998,50,High school
1998,.i:  Inapplicable,Less than high school
1998,.i:  Inapplicable,Less than high school
1998,60,High school
1998,55,High school
1998,60,Bachelor's
1998,40,High school
1998,40,High school
1998,34,High school
1998,40,Associate/junior college
1998,16,Bachelor's
1998,.i:  Inapplicable,High school
1998,.i:  Inapplicable,Less than high school
1998,.i:  Inapplicable,High school
1998,48,Associate/junior college
1998,.i:  Inapplicable,Associate/junior college
1998,48,High school
1998,.i:  Inapplicable,High school
1998,.i:  Inapplicable,High school
1998,36,Associate/junior college
1998,48,Associate/junior college
1998,40,High school
1998,.i:  Inapplicable,High school
2000,.i:  Inapplicable,Less than high school
2000,22,Less than high school
2000,40,High school
2000,.i:  Inapplicable,Associate/junior college
2000,.i:  Inapplicable,Bachelor's
2000,40,High school
2000,.i:  Inapplicable,High school
2000,57,Graduate
2000,25,Bachelor's
2000,38,Associate/junior college
2000,45,Graduate
2000,50,Bachelor's
2000,45,Bachelor's
2000,.i:  Inapplicable,High school
2000,89+ hrs,Associate/junior college
2000,49,High school
2000,40,High school
2000,.i:  Inapplicable,Bachelor's
2000,10,High school
2000,.i:  Inapplicable,Less than high school
2000,24,Less than high school
2000,.i:  Inapplicable,Less than high school
2000,30,High school
2000,40,.n:  No answer
2000,20,Less than high school
2000,.i:  Inapplicable,High school
2000,.i:  Inapplicable,Less than high school
2000,.i:  Inapplicable,Less than high school
2000,38,High school
2000,3,High school
2000,25,High school
2000,56,High school
2000,.i:  Inapplicable,Less than high school
2000,52,Bachelor's
2000,60,Bachelor's
2000,55,Bachelor's
2000,.i:  Inapplicable,High school
2000,45,Less than high school
2000,50,High school
2000,60,High school
2000,45,Bachelor's
2000,45,Bachelor's
2000,50,High school
2000,.i:  Inapplicable,High school
2000,40,Bachelor's
2000,40,Bachelor's
2000,.i:  Inapplicable,High school
2000,45,High school
2000,.i:  Inapplicable,Bachelor's
2000,.i:  Inapplicable,Associate/junior college
2000,50,High school
2000,.i:  Inapplicable,High school
2000,15,High school
2000,20,High school
2000,85,Bachelor's
2000,40,Associate/junior college
2000,13,High school
2000,18,High school
2000,10,High school
2000,30,High school
2002,.i:  Inapplicable,Less than high school
2002,.i:  Inapplicable,Less than high school
2002,.i:  Inapplicable,Less than high school
2002,.i:  Inapplicable,High school
2002,.i:  Inapplicable,Less than high school
2002,.i:  Inapplicable,Less than high school
2002,40,High school
2002,45,Associate/junior college
2002,.i:  Inapplicable,Associate/junior college
2002,68,High school
2002,74,High school
2002,.i:  Inapplicable,High school
2002,40,High school
2002,40,Less than high school
2002,32,High school
2002,.i:  Inapplicable,High school
2002,45,High school
2002,.i:  Inapplicable,High school
2002,.i:  Inapplicable,.d:  Do not Know/Cannot Choose
2002,.i:  Inapplicable,Graduate
2002,.i:  Inapplicable,Less than high school
2002,.i:  Inapplicable,High school
2002,.i:  Inapplicable,High school
2002,.i:  Inapplicable,High school
2002,.i:  Inapplicable,High school
2002,40,High school
2002,40,Bachelor's
2002,10,Bachelor's
2002,40,Graduate
2002,50,High school
2002,45,High school
2002,.i:  Inapplicable,Less than high school
2002,40,Less than high school
2002,40,High school
2002,32,High school
2002,.i:  Inapplicable,High school
2002,40,High school
2002,.i:  Inapplicable,Bachelor's
2002,.i:  Inapplicable,Graduate
2002,48,High school
2002,.i:  Inapplicable,High school
2002,.i:  Inapplicable,Bachelor's
2002,.i:  Inapplicable,High school
2002,40,High school
2002,84,Bachelor's
2002,.i:  Inapplicable,High school
2002,.n:  No answer,Associate/junior college
2002,.i:  Inapplicable,High school
2002,.i:  Inapplicable,High school
2002,44,High school
2002,.i:  Inapplicable,Associate/junior college
2002,40,Bachelor's
2002,.i:  Inapplicable,Bachelor's
2002,.i:  Inapplicable,High school
2002,60,Graduate
2002,40,Less than high school
2002,50,High school
2002,.i:  Inapplicable,High school
2002,.i:  Inapplicable,Graduate
2002,.i:  Inapplicable,High school
2002,45,High school
2002,.i:  Inapplicable,Less than high school
2002,.i:  Inapplicable,High school
2002,.i:  Inapplicable,High school
2002,.i:  Inapplicable,High school
2002,32,Less than high school
2002,20,High school
2002,40,Bachelor's
2002,30,High school
2002,.i:  Inapplicable,High school
2002,30,High school
2002,.i:  Inapplicable,High school
2002,35,Graduate
2002,40,Graduate
2002,40,Graduate
2002,.i:  Inapplicable,Bachelor's
2002,44,High school
2002,.i:  Inapplicable,Less than high school
2002,40,High school
2002,8,High school
2002,44,High school
2002,40,High school
2002,40,High school
2002,20,High school
2002,40,Bachelor's
2002,15,High school
2002,40,High school
2002,50,Graduate
2002,65,Graduate
2002,12,High school
2004,40,High school
2004,.i:  Inapplicable,Associate/junior college
2004,60,High school
2004,24,Associate/junior college
2004,.i:  Inapplicable,High school
2004,12,High school
2004,56,High school
2004,20,Associate/junior college
2004,.i:  Inapplicable,High school
2004,40,High school
2004,52,High school
2004,35,Less than high school
2004,30,Graduate
2004,40,Bachelor's
2004,40,High school
2004,30,High school
2004,20,Graduate
2004,58,High school
2004,40,Bachelor's
2004,40,Less than high school
2004,15,Associate/junior college
2004,.i:  Inapplicable,High school
2004,.i:  Inapplicable,High school
2004,.i:  Inapplicable,Associate/junior college
2004,.i:  Inapplicable,High school
2004,.i:  Inapplicable,Bachelor's
2004,72,High school
2004,.i:  Inapplicable,Associate/junior college
2004,.i:  Inapplicable,High school
2004,6,High school
2004,80,High school
2004,.n:  No answer,High school
2004,.i:  Inapplicable,High school
2004,.i:  Inapplicable,High school
2004,.i:  Inapplicable,Less than high school
2004,40,Associate/junior college
2004,.i:  Inapplicable,High school
2004,.i:  Inapplicable,Less than high school
2004,42,Bachelor's
2004,36,High school
2004,24,High school
2004,65,Associate/junior college
2004,.i:  Inapplicable,High school
2004,48,High school
2004,45,Bachelor's
2004,50,Associate/junior college
2004,24,Associate/junior college
2004,.i:  Inapplicable,Less than high school
2004,50,Graduate
2004,40,Associate/junior college
2004,45,High school
2004,64,High school
2004,48,High school
2004,40,High school
2004,44,High school
2004,.i:  Inapplicable,High school
2004,16,High school
2004,.i:  Inapplicable,High school
2004,.i:  Inapplicable,High school
2004,50,High school
2004,5,Bachelor's
2004,.i:  Inapplicable,High school
2004,40,High school
2004,.i:  Inapplicable,Graduate
2004,55,Associate/junior college
2004,.i:  Inapplicable,Less than high school
2004,.i:  Inapplicable,Bachelor's
2004,.i:  Inapplicable,Bachelor's
2004,30,High school
2004,48,High school
2004,40,Less than high school
2004,48,High school
2004,36,Less than high school
2004,52,High school
2004,.i:  Inapplicable,High school
2004,27,High school
2004,32,High school
2004,30,High school
2004,80,High school
2004,60,High school
2004,.i:  Inapplicable,Less than high school
2004,55,Graduate
2004,26,Graduate
2004,70,Bachelor's
2004,.i:  Inapplicable,High school
2004,32,High school
2004,.i:  Inapplicable,High school
2004,.i:  Inapplicable,Bachelor's
2004,30,High school
2004,.i:  Inapplicable,High school
2006,65,Bachelor's
2006,.i:  Inapplicable,High school
2006,1,Less than high school
2006,.i:  Inapplicable,Less than high school
2006,40,High school
2006,.i:  Inapplicable,Less than high school
2006,.i:  Inapplicable,Less than high school
2006,40,High school
2006,45,Less than high school
2006,40,High school
2006,50,Bachelor's
2006,50,Bachelor's
2006,.i:  Inapplicable,High school
2006,12,Bachelor's
2006,40,Bachelor's
2006,60,Associate/junior college
2006,.i:  Inapplicable,Associate/junior college
2006,50,High school
2006,.i:  Inapplicable,High school
2006,40,Less than high school
2006,40,Less than high school
2006,.i:  Inapplicable,Bachelor's
2006,40,Less than high school
2006,40,High school
2006,40,Less than high school
2006,25,Less than high school
2006,.i:  Inapplicable,High school
2006,.i:  Inapplicable,High school
2006,40,Bachelor's
2006,32,Associate/junior college
2006,27,High school
2006,30,Associate/junior college
2006,.i:  Inapplicable,High school
2006,52,High school
2006,23,Bachelor's
2006,.i:  Inapplicable,Bachelor's
2006,55,Bachelor's
2006,40,High school
2006,.i:  Inapplicable,Bachelor's
2006,48,Bachelor's
2006,50,High school
2006,.i:  Inapplicable,Bachelor's
2006,45,Graduate
2006,40,Graduate
2006,.i:  Inapplicable,Bachelor's
2006,40,Bachelor's
2006,50,Bachelor's
2006,.i:  Inapplicable,Less than high school
2006,40,High school
2006,.i:  Inapplicable,High school
2006,.i:  Inapplicable,Less than high school
2006,40,High school
2006,40,High school
2006,40,Less than high school
2006,40,Less than high school
2006,.i:  Inapplicable,High school
2006,36,Less than high school
2006,40,Less than high school
2006,40,Less than high school
2006,45,High school
2006,40,High school
2006,.i:  Inapplicable,High school
2006,.i:  Inapplicable,High school
2006,21,High school
2006,35,Less than high school
2006,40,High school
2006,.i:  Inapplicable,Associate/junior college
2006,.i:  Inapplicable,High school
2006,.i:  Inapplicable,High school
2006,.i:  Inapplicable,High school
2006,.i:  Inapplicable,High school
2006,56,High school
2006,65,High school
2006,35,High school
2006,62,Associate/junior college
2006,60,Graduate
2006,40,High school
2006,.i:  Inapplicable,Graduate
2006,40,High school
2006,40,Graduate
2006,10,High school
2006,40,High school
2006,43,High school
2006,40,High school
2006,36,High school
2006,.i:  Inapplicable,High school
2006,38,Associate/junior college
2006,48,Bachelor's
2006,5,High school
2006,20,Graduate
2006,.i:  Inapplicable,Less than high school
2006,35,High school
2006,.i:  Inapplicable,High school
2006,.i:  Inapplicable,Less than high school
2006,40,High school
2006,.i:  Inapplicable,High school
2006,62,Less than high school
2006,.i:  Inapplicable,High school
2006,60,Associate/junior college
2006,30,Less than high school
2006,32,Less than high school
2006,.i:  Inapplicable,Less than high school
2006,30,Bachelor's
2006,10,High school
2006,50,Associate/junior college
2006,.i:  Inapplicable,Less than high school
2006,.i:  Inapplicable,High school
2006,.i:  Inapplicable,High school
2006,80,Associate/junior college
2006,.i:  Inapplicable,Less than high school
2006,.i:  Inapplicable,High school
2006,48,High school
2006,48,High school
2006,.i:  Inapplicable,High school
2006,40,High school
2006,.i:  Inapplicable,High school
2006,40,Less than high school
2006,28,Bachelor's
2006,40,High school
2006,50,Less than high school
2006,25,High school
2006,.i:  Inapplicable,Bachelor's
2006,50,High school
2006,60,High school
2006,35,High school
2006,.i:  Inapplicable,High school
2006,43,High school
2006,.i:  Inapplicable,Less than high school
2006,.i:  Inapplicable,High school
2006,.i:  Inapplicable,High school
2006,40,Associate/junior college
2006,48,Less than high school
2006,47,High school
2006,.i:  Inapplicable,High school
2006,.i:  Inapplicable,Less than high school
2006,.i:  Inapplicable,Bachelor's
2006,.i:  Inapplicable,Less than high school
2006,.i:  Inapplicable,Bachelor's
2006,.i:  Inapplicable,Less than high school
2006,.i:  Inapplicable,High school
2008,.i:  Inapplicable,High school
2008,40,Graduate
2008,35,High school
2008,.i:  Inapplicable,High school
2008,43,High school
2008,.i:  Inapplicable,Bachelor's
2008,40,High school
2008,30,High school
2008,40,High school
2008,.i:  Inapplicable,Less than high school
2008,65,Graduate
2008,40,High school
2008,40,Bachelor's
2008,40,Graduate
2008,.i:  Inapplicable,Less than high school
2008,.i:  Inapplicable,Less than high school
2008,.i:  Inapplicable,Associate/junior college
2008,50,Bachelor's
2008,32,High school
2008,.i:  Inapplicable,Bachelor's
2008,.i:  Inapplicable,Less than high school
2008,.i:  Inapplicable,Graduate
2008,60,High school
2008,89+ hrs,Graduate
2008,.i:  Inapplicable,High school
2008,48,High school
2008,.i:  Inapplicable,Bachelor's
2008,35,High school
2008,60,High school
2008,52,High school
2008,35,Associate/junior college
2008,.i:  Inapplicable,High school
2008,47,Bachelor's
2008,.i:  Inapplicable,Bachelor's
2008,74,High school
2008,.i:  Inapplicable,High school
2008,24,Graduate
2008,32,High school
2008,.i:  Inapplicable,Less than high school
2008,.i:  Inapplicable,Associate/junior college
2008,.i:  Inapplicable,High school
2008,40,Bachelor's
2008,.i:  Inapplicable,High school
2008,20,High school
2008,.i:  Inapplicable,Less than high school
2008,.i:  Inapplicable,Bachelor's
2008,.i:  Inapplicable,High school
2008,.i:  Inapplicable,Graduate
2008,.i:  Inapplicable,High school
2008,.i:  Inapplicable,Bachelor's
2008,32,Bachelor's
2008,.i:  Inapplicable,Bachelor's
2008,.i:  Inapplicable,Bachelor's
2008,40,High school
2008,.i:  Inapplicable,High school
2008,27,Graduate
2008,.i:  Inapplicable,High school
2008,21,High school
2008,.i:  Inapplicable,High school
2008,65,High school
2008,.i:  Inapplicable,Bachelor's
2008,48,Associate/junior college
2008,40,Bachelor's
2008,.i:  Inapplicable,Less than high school
2008,40,Associate/junior college
2008,40,Graduate
2008,.i:  Inapplicable,Associate/junior college
2008,.i:  Inapplicable,High school
2008,.i:  Inapplicable,Less than high school
2008,25,High school
2010,60,High school
2010,.i:  Inapplicable,High school
2010,40,Graduate
2010,.i:  Inapplicable,Graduate
2010,40,Bachelor's
2010,.i:  Inapplicable,High school
2010,40,Bachelor's
2010,.i:  Inapplicable,High school
2010,.i:  Inapplicable,Associate/junior college
2010,60,High school
2010,.i:  Inapplicable,High school
2010,.i:  Inapplicable,Associate/junior college
2010,35,High school
2010,.i:  Inapplicable,High school
2010,.n:  No answer,High school
2010,45,Graduate
2010,.i:  Inapplicable,High school
2010,52,High school
2010,40,High school
2010,25,Graduate
2010,48,High school
2010,.i:  Inapplicable,High school
2010,40,Graduate
2010,.i:  Inapplicable,High school
2010,40,Less than high school
2010,40,Graduate
2010,.i:  Inapplicable,High school
2010,.i:  Inapplicable,High school
2010,45,Graduate
2010,45,Bachelor's
2010,45,High school
2010,.i:  Inapplicable,Associate/junior college
2010,.i:  Inapplicable,High school
2010,.i:  Inapplicable,Less than high school
2010,50,High school
2010,.i:  Inapplicable,Less than high school
2010,89+ hrs,Associate/junior college
2010,55,Less than high school
2010,50,High school
2010,.i:  Inapplicable,High school
2010,40,High school
2010,20,High school
2010,60,Associate/junior college
2010,.i:  Inapplicable,High school
2010,80,High school
2010,35,High school
2010,35,Less than high school
2010,.i:  Inapplicable,High school
2010,50,Bachelor's
2010,.i:  Inapplicable,Associate/junior college
2010,.i:  Inapplicable,High school
2010,.i:  Inapplicable,High school
2010,84,High school
2010,16,Bachelor's
2010,.d:  Do not Know/Cannot Choose,High school
2010,.i:  Inapplicable,High school
2010,.i:  Inapplicable,Graduate
2010,.i:  Inapplicable,High school
2010,60,High school
2010,32,Bachelor's
2012,40,High school
2012,52,Bachelor's
2012,.i:  Inapplicable,High school
2012,15,High school
2012,.i:  Inapplicable,High school
2012,.i:  Inapplicable,High school
2012,.i:  Inapplicable,Associate/junior college
2012,35,High school
2012,.i:  Inapplicable,High school
2012,40,High school
2012,.i:  Inapplicable,High school
2012,.i:  Inapplicable,High school
2012,45,High school
2012,38,High school
2012,32,High school
2012,.i:  Inapplicable,High school
2012,10,High school
2012,60,High school
2012,50,High school
2012,43,High school
2012,40,Less than high school
2012,40,High school
2012,12,High school
2012,.i:  Inapplicable,Associate/junior college
2012,40,High school
2012,.i:  Inapplicable,High school
2012,41,High school
2012,55,Bachelor's
2012,60,High school
2012,21,High school
2012,42,High school
2012,8,Less than high school
2012,.i:  Inapplicable,Less than high school
2012,.i:  Inapplicable,Less than high school
2012,.i:  Inapplicable,Less than high school
2012,30,High school
2012,15,High school
2012,36,High school
2012,40,High school
2012,40,Bachelor's
2012,.i:  Inapplicable,Less than high school
2012,40,High school
2012,.i:  Inapplicable,Associate/junior college
2012,40,High school
2012,45,High school
2012,24,Less than high school
2012,.i:  Inapplicable,High school
2012,.i:  Inapplicable,Less than high school
2012,.i:  Inapplicable,Less than high school
2012,.i:  Inapplicable,Graduate
2012,46,High school
2012,20,Associate/junior college
2012,50,High school
2012,.i:  Inapplicable,Graduate
2012,55,Bachelor's
2012,.i:  Inapplicable,Less than high school
2012,56,Associate/junior college
2012,.i:  Inapplicable,High school
2012,.i:  Inapplicable,High school
2012,.i:  Inapplicable,High school
2014,.i:  Inapplicable,High school
2014,40,High school
2014,40,High school
2014,40,Bachelor's
2014,52,High school
2014,40,High school
2014,.i:  Inapplicable,Less than high school
2014,55,Graduate
2014,.i:  Inapplicable,Bachelor's
2014,.i:  Inapplicable,Graduate
2014,89+ hrs,Associate/junior college
2014,.i:  Inapplicable,Graduate
2014,.i:  Inapplicable,Bachelor's
2014,50,Graduate
2014,.i:  Inapplicable,High school
2014,60,High school
2014,32,Associate/junior college
2014,27,High school
2014,65,Bachelor's
2014,.i:  Inapplicable,High school
2014,.i:  Inapplicable,Bachelor's
2014,40,High school
2014,40,Associate/junior college
2014,70,High school
2014,50,High school
2014,40,Bachelor's
2014,.i:  Inapplicable,Bachelor's
2014,40,Less than high school
2014,.i:  Inapplicable,Bachelor's
2014,10,Graduate
2014,.i:  Inapplicable,Less than high school
2014,.i:  Inapplicable,High school
2014,40,Bachelor's
2014,.i:  Inapplicable,Graduate
2014,45,High school
2014,40,Bachelor's
2014,30,High school
2014,50,High school
2014,50,Bachelor's
2014,40,Bachelor's
2014,.i:  Inapplicable,High school
2014,60,High school
2014,.i:  Inapplicable,High school
2014,40,High school
2014,.i:  Inapplicable,Less than high school
2014,40,Bachelor's
2014,.i:  Inapplicable,High school
2014,40,Graduate
2014,68,High school
2014,.i:  Inapplicable,Less than high school
2014,60,Less than high school
2014,45,High school
2014,36,Less than high school
2014,.i:  Inapplicable,High school
2014,40,Bachelor's
2014,40,Bachelor's
2014,40,High school
2014,60,High school
2014,20,High school
2014,.i:  Inapplicable,High school
2016,.i:  Inapplicable,High school
2016,40,Associate/junior college
2016,40,High school
2016,40,Graduate
2016,.i:  Inapplicable,High school
2016,.i:  Inapplicable,High school
2016,30,Graduate
2016,35,Bachelor's
2016,35,Graduate
2016,.i:  Inapplicable,Graduate
2016,40,Bachelor's
2016,70,High school
2016,50,Graduate
2016,40,High school
2016,40,High school
2016,41,High school
2016,.i:  Inapplicable,Less than high school
2016,49,High school
2016,.i:  Inapplicable,High school
2016,32,High school
2016,40,Less than high school
2016,26,High school
2016,40,Graduate
2016,.i:  Inapplicable,Graduate
2016,.i:  Inapplicable,Bachelor's
2016,60,Graduate
2016,50,Graduate
2016,30,High school
2016,32,Less than high school
2016,50,Less than high school
2016,20,High school
2016,50,High school
2016,.i:  Inapplicable,High school
2016,60,High school
2016,86,High school
2016,.i:  Inapplicable,High school
2016,35,High school
2016,36,Less than high school
2016,52,Less than high school
2016,.i:  Inapplicable,High school
2016,.i:  Inapplicable,High school
2016,.i:  Inapplicable,Less than high school
2016,.i:  Inapplicable,High school
2016,60,High school
2016,.i:  Inapplicable,High school
2016,.i:  Inapplicable,High school
2016,.i:  Inapplicable,Less than high school
2016,45,Bachelor's
2016,.i:  Inapplicable,High school
2016,40,Graduate
2016,.i:  Inapplicable,High school
2016,.i:  Inapplicable,Less than high school
2016,36,High school
2016,55,High school
2016,24,High school
2016,.i:  Inapplicable,High school
2016,.i:  Inapplicable,Bachelor's
2016,20,High school
2016,35,Graduate
2016,48,High school
2016,.i:  Inapplicable,Less than high school
2016,.i:  Inapplicable,Graduate
2016,25,Bachelor's
2016,40,Less than high school
2016,40,High school
2016,12,Less than high school
2016,.i:  Inapplicable,High school
2016,.i:  Inapplicable,High school
2016,26,Less than high school
2016,.i:  Inapplicable,Associate/junior college
2016,.i:  Inapplicable,Bachelor's
2016,.i:  Inapplicable,High school
2016,60,Associate/junior college
2016,20,Associate/junior college
2016,.i:  Inapplicable,High school
2016,40,High school
2016,.i:  Inapplicable,Less than high school
2016,35,Graduate
2016,.i:  Inapplicable,High school
2016,34,Associate/junior college
2016,40,Bachelor's
2016,12,High school
2016,.i:  Inapplicable,Less than high school
2016,42,Bachelor's
2016,64,High school
2016,60,Graduate
2016,.i:  Inapplicable,High school
2016,.i:  Inapplicable,Graduate
2016,39,Bachelor's
2016,50,Graduate
2018,.i:  Inapplicable,High school
2018,18,High school
2018,.i:  Inapplicable,Less than high school
2018,44,Bachelor's
2018,60,High school
2018,40,High school
2018,55,Graduate
2018,.i:  Inapplicable,Bachelor's
2018,60,Bachelor's
2018,50,High school
2018,30,Associate/junior college
2018,.i:  Inapplicable,High school
2018,.i:  Inapplicable,High school
2018,.i:  Inapplicable,Less than high school
2018,.i:  Inapplicable,Less than high school
2018,.i:  Inapplicable,Graduate
2018,5,Bachelor's
2018,30,High school
2018,55,Bachelor's
2018,20,High school
2018,36,Bachelor's
2018,25,Associate/junior college
2018,.i:  Inapplicable,Bachelor's
2018,.i:  Inapplicable,Bachelor's
2018,50,Bachelor's
2018,89+ hrs,Graduate
2018,.i:  Inapplicable,Graduate
2018,25,High school
2018,45,Bachelor's
2018,40,Bachelor's
2018,60,Less than high school
2018,.i:  Inapplicable,Associate/junior college
2018,.i:  Inapplicable,High school
2018,30,Less than high school
2018,30,High school
2018,.i:  Inapplicable,Less than high school
2018,50,Graduate
2018,40,High school
2018,.i:  Inapplicable,Graduate
2018,24,High school
2018,.i:  Inapplicable,Bachelor's
2018,35,High school
2018,43,Less than high school
2018,8,Less than high school
2018,55,High school
2018,.i:  Inapplicable,Graduate
2018,.i:  Inapplicable,Associate/junior college
2018,40,High school
2018,.i:  Inapplicable,Less than high school
2018,50,High school
2018,40,Bachelor's
2018,12,Graduate
2018,.i:  Inapplicable,High school
2018,25,Bachelor's
2018,.i:  Inapplicable,High school
2018,24,Associate/junior college
2018,40,Bachelor's
2018,50,High school
2018,.i:  Inapplicable,Graduate
2018,36,Graduate
2021,.x:  Not available in this release,High school
2021,.x:  Not available in this release,High school
2021,.x:  Not available in this release,High school
2021,.x:  Not available in this release,Bachelor's
2021,.x:  Not available in this release,Less than high school
2021,.x:  Not available in this release,High school
2021,.x:  Not available in this release,High school
2021,.x:  Not available in this release,.d:  Do not Know/Cannot Choose
2021,.x:  Not available in this release,High school
2021,.x:  Not available in this release,High school
2021,.x:  Not available in this release,High school
2021,.x:  Not available in this release,High school
2021,.x:  Not available in this release,Bachelor's
2021,.x:  Not available in this release,Less than high school
2021,.x:  Not available in this release,Associate/junior college
2021,.x:  Not available in this release,High school
2021,.x:  Not available in this release,High school
2021,.x:  Not available in this release,High school
2021,.x:  Not available in this release,Graduate
2021,.x:  Not available in this release,High school
2021,.x:  Not available in this release,Graduate
2021,.x:  Not available in this release,High school
2021,.x:  Not available in this release,High school
2021,.x:  Not available in this release,Graduate
2021,.x:  Not available in this release,High school
2021,.x:  Not available in this release,High school
2021,.x:  Not available in this release,Graduate
2021,.x:  Not available in this release,High school
2021,.x:  Not available in this release,Graduate
2021,.x:  Not available in this release,Bachelor's
2021,.x:  Not available in this release,Associate/junior college
2021,.x:  Not available in this release,High school
2021,.x:  Not available in this release,Bachelor's
2021,.x:  Not available in this release,High school
2021,.x:  Not available in this release,High school
2021,.x:  Not available in this release,High school
2021,.x:  Not available in this release,Associate/junior college
2021,.x:  Not available in this release,Graduate
2021,.x:  Not available in this release,High school
2021,.x:  Not available in this release,Associate/junior college
2021,.x:  Not available in this release,High school
2021,.x:  Not available in this release,Graduate
2021,.x:  Not available in this release,Bachelor's
2021,.x:  Not available in this release,Associate/junior college
2021,.x:  Not available in this release,High school
2021,.x:  Not available in this release,High school
2021,.x:  Not available in this release,High school
2021,.x:  Not available in this release,Bachelor's
2021,.x:  Not available in this release,Associate/junior college
2021,.x:  Not available in this release,High school
2021,.x:  Not available in this release,Bachelor's
2021,.x:  Not available in this release,High school
2021,.x:  Not available in this release,Graduate
2021,.x:  Not available in this release,Graduate
2021,.x:  Not available in this release,High school
2021,.x:  Not available in this release,Graduate
2021,.x:  Not available in this release,Graduate
2021,.x:  Not available in this release,High school
2021,.x:  Not available in this release,Bachelor's
2021,.x:  Not available in this release,Graduate
2021,.x:  Not available in this release,Bachelor's
2021,.x:  Not available in this release,Associate/junior college
2021,.x:  Not available in this release,High school
2021,.x:  Not available in this release,Bachelor's
2021,.x:  Not available in this release,Less than high school
2021,.x:  Not available in this release,Less than high school
2021,.x:  Not available in this release,High school
2021,.x:  Not available in this release,Bachelor's
2021,.x:  Not available in this release,Graduate
2021,.x:  Not available in this release,Less than high school
2021,.x:  Not available in this release,Bachelor's
2021,.x:  Not available in this release,Graduate
2021,.x:  Not available in this release,Graduate
2021,.x:  Not available in this release,Associate/junior college
2021,.x:  Not available in this release,High school
2021,.x:  Not available in this release,Bachelor's
2021,.x:  Not available in this release,High school
2021,.x:  Not available in this release,Bachelor's
2021,.x:  Not available in this release,High school
2021,.x:  Not available in this release,High school
2021,.x:  Not available in this release,High school
2021,.x:  Not available in this release,High school
2021,.x:  Not available in this release,Bachelor's
2021,.x:  Not available in this release,Less than high school
2021,.x:  Not available in this release,High school
2021,.x:  Not available in this release,Bachelor's
2021,.x:  Not available in this release,Bachelor's
2021,.x:  Not available in this release,High school
2021,.x:  Not available in this release,Bachelor's
2021,.x:  Not available in this release,Bachelor's
2021,.x:  Not available in this release,Bachelor's
2021,.x:  Not available in this release,High school
2021,.x:  Not available in this release,High school
2021,.x:  Not available in this release,Less than high school
2021,.x:  Not available in this release,High school
2021,.x:  Not available in this release,High school
2021,.x:  Not available in this release,High school
2021,.x:  Not available in this release,Graduate
2021,.x:  Not available in this release,Graduate
2021,.x:  Not available in this release,High school
2021,.x:  Not available in this release,High school
2021,.x:  Not available in this release,High school
2021,.x:  Not available in this release,Graduate
2021,.x:  Not available in this release,High school
2021,.x:  Not available in this release,Associate/junior college
2021,.x:  Not available in this release,Graduate
2021,.x:  Not available in this release,Associate/junior college
2021,.x:  Not available in this release,High school
2021,.x:  Not available in this release,Associate/junior college
2021,.x:  Not available in this release,Graduate
2021,.x:  Not available in this release,Graduate
2021,.x:  Not available in this release,Bachelor's
2021,.x:  Not available in this release,Graduate
2021,.x:  Not available in this release,Associate/junior college
2021,.x:  Not available in this release,Associate/junior college
2021,.x:  Not available in this release,Less than high school
2021,.x:  Not available in this release,High school
2021,.x:  Not available in this release,High school
2021,.x:  Not available in this release,Bachelor's
2021,.x:  Not available in this release,Associate/junior college
